date,total_profit,mean_profit,trade_count,volume,pnl_std,avg_leverage,timestamp,fgi,classification,pnl_roll,corr_fgi_profit,regime,cum_profit
2023-01-05,0.0,0.0,3,477.0,0.0,,1672896600.0,29.0,Fear,,,Fear,0.0
2023-05-12,0.0,0.0,9,50005.83,0.0,,1683869400.0,49.0,Neutral,,,Neutral,0.0
2024-01-01,-129.53146,-7.196192222222223,18,264239.52999999997,85.84776860469921,,1704087000.0,65.0,Greed,,,Greed,-129.53146
2024-01-02,0.0,0.0,6,2008.18,0.0,,1704173400.0,71.0,Greed,,,Greed,-129.53146
2024-01-03,8244.241409,60.176944591240876,137,472974.7,111.95860869453276,,1704259800.0,70.0,Greed,8114.709949,,Greed,8114.709949
2024-01-04,2507.963406,32.57095332467532,77,339470.47,92.06770180124278,,1704346200.0,68.0,Greed,10622.673354999999,,Greed,10622.673354999999
2024-01-05,0.0,0.0,14,87025.45,0.0,,1704432600.0,72.0,Greed,10622.673354999999,,Greed,10622.673354999999
2024-01-06,91.510419,3.66041676,25,12834.62,7.909299454844354,,1704519000.0,70.0,Greed,10714.183774,,Greed,10714.183774
2024-01-07,5065.839308,79.1537391875,64,362670.14999999997,207.33447463371925,,1704605400.0,71.0,Greed,15780.023082,,Greed,15780.023082
2024-01-08,167.080017,2.9312283684210527,57,227774.53,23.197203266011744,,1704691800.0,71.0,Greed,15947.103099,0.2851045212168571,Greed,15947.103099
2024-01-09,137.433093,11.452757750000002,12,12359.68,25.479618769976113,,1704778200.0,76.0,Extreme Greed,16084.536192,0.22763227440159542,Greed,16084.536192
2024-01-10,0.0,0.0,4,139954.32,0.0,,1704864600.0,73.0,Greed,16084.536192,0.19277963921614122,Greed,16084.536192
2024-01-11,1040.475736,45.238075478260875,23,260981.03,154.1983753462747,,1704951000.0,76.0,Extreme Greed,17125.011928,0.18047140806275416,Greed,17125.011928
2024-01-12,40886.364494,98.28453003365385,416,814711.82,338.03944268346726,,1705037400.0,71.0,Greed,58011.376422,0.138903488495664,Greed,58011.376422
2024-02-01,783.979116,46.11641858823529,17,121348.74,134.42834386429288,,1706765400.0,63.0,Greed,58795.355538,0.1442735084974943,Greed,58795.355538
2024-02-02,456.423473,10.867225547619048,42,474278.43,41.93124714430262,,1706851800.0,63.0,Greed,59251.779011,0.14938719973955575,Greed,59251.779011000006
2024-02-03,230.90060000000005,7.448406451612905,31,63197.56,250.64780257055287,,1706938200.0,60.0,Greed,59482.679611,0.15856161694556598,Neutral,59482.67961100001
2024-02-04,883.760812,21.555141756097562,41,239664.50999999998,78.23542802217051,,1707024600.0,60.0,Greed,60366.440423,0.16480315034798473,Neutral,60366.44042300001
2024-02-06,192.906947,2.074268247311828,93,29464.51,4.425015055071825,,1707197400.0,64.0,Greed,60559.34737,0.16657104653652982,Greed,60559.34737000001
2024-02-07,2421.253116,134.514062,18,33347.47,226.36405308073617,,1707283800.0,62.0,Greed,62980.600486,0.16744982827135374,Greed,62980.60048600001
2024-02-08,782.3681909999999,12.418542714285714,63,396320.37,44.14907581961201,,1707370200.0,66.0,Greed,63762.968677000004,0.1661750075840158,Greed,63762.96867700001
2024-02-09,0.0,0.0,2,30000.42,0.0,,1707456600.0,72.0,Greed,63762.968677000004,0.15367241584049957,Greed,63762.96867700001
2024-02-10,0.0,0.0,4,99954.34,0.0,,1707543000.0,74.0,Greed,63762.968677000004,0.1387518547595534,Greed,63762.96867700001
2024-02-11,0.0,0.0,2,40000.0,0.0,,1707629400.0,71.0,Greed,63762.968677000004,0.13069312223185944,Greed,63762.96867700001
2024-02-12,18489.604313,68.48001597407408,270,585243.56,379.90364074572494,,1707715800.0,70.0,Greed,82252.57299,0.14988728433750337,Greed,82252.57299000002
2024-03-01,866.015507,12.925604582089552,67,394499.36,50.415365667933756,,1709271000.0,80.0,Extreme Greed,83118.588497,0.1293533018325436,Greed,83118.58849700002
2024-03-02,223.30918699999998,3.9876640535714283,56,603820.0,68.62663189543068,,1709357400.0,80.0,Extreme Greed,83341.897684,0.10805581835965418,Greed,83341.89768400003
2024-03-03,8361.086245,105.83653474683545,79,390745.68,199.82398269178753,,1709443800.0,83.0,Extreme Greed,91702.98392900001,0.13681517697462273,Greed,91702.98392900002
2024-03-04,126.7884,31.6971,4,16887.57,63.3942,,1709530200.0,82.0,Extreme Greed,91829.772329,0.11448657536435392,Greed,91829.77232900003
2024-03-05,5306.017045,147.3893623611111,36,282682.64999999997,280.85451321791754,,1709616600.0,90.0,Extreme Greed,97135.789374,0.12401281015919108,Greed,97135.78937400003
2024-03-06,562.808208,8.040117257142859,70,21466.86,11.849209775400267,,1709703000.0,75.0,Extreme Greed,97698.597582,0.11734580016555282,Greed,97698.59758200003
2024-03-07,1118.387284,62.132626888888886,18,179600.66,130.94390209637675,,1709789400.0,82.0,Extreme Greed,98816.984866,0.10538701370789892,Greed,98816.98486600003
2024-03-08,464.1897,12.545667567567568,37,290532.86,76.3123165975776,,1709875800.0,81.0,Extreme Greed,99410.706026,0.09293350012320317,Greed,99281.17456600003
2024-03-10,100.375782,11.152864666666666,9,132935.69,20.273575382952355,,1710048600.0,79.0,Extreme Greed,99511.081808,0.0826242062495538,Greed,99381.55034800003
2024-03-11,0.0,0.0,6,129055.66,0.0,,1710135000.0,82.0,Extreme Greed,91266.84039900001,0.06926281677200123,Greed,99381.55034800003
2024-03-12,23576.539285,63.03887509358289,374,1084666.53,229.00768096588675,,1710221400.0,81.0,Extreme Greed,112335.41627799999,0.1286776986421855,Greed,122958.08963300003
2024-04-01,-67.60364,-13.520728,5,99792.54000000001,29.544005214373353,,1711949400.0,79.0,Extreme Greed,112267.81263799999,0.11873953552747578,Greed,122890.48599300002
2024-04-02,47.62389499999999,1.360682714285714,35,203187.53,31.922762604224417,,1712035800.0,79.0,Extreme Greed,112223.926114,0.10980209364410821,Greed,122938.10988800002
2024-04-03,27799.775742,92.66591914,300,1577996.87,152.8211043688667,,1712122200.0,71.0,Greed,134957.862548,0.09622188213721423,Greed,150737.88563000003
2024-04-04,0.0,0.0,32,95987.73,0.0,,1712208600.0,70.0,Greed,134790.782531,0.09734045659852163,Greed,150737.88563000003
2024-04-05,0.0,0.0,9,58998.75,0.0,,1712295000.0,79.0,Extreme Greed,134653.349438,0.0886302149365373,Greed,150737.88563000003
2024-04-06,52.211438,0.9851214716981133,53,24243.41,2.4828445149485265,,1712381400.0,75.0,Extreme Greed,134705.560876,0.08487751254925813,Greed,150790.09706800003
2024-04-07,0.0,0.0,25,430568.01,0.0,,1712467800.0,78.0,Extreme Greed,133665.08514,0.07813069708548018,Greed,150790.09706800003
2024-04-08,-122672.000883,-965.9212667952756,127,1207744.07,3618.961540622186,,1712554200.0,76.0,Extreme Greed,-29893.280237,-0.02688241447409899,Greed,28118.09618500003
2024-04-09,1065.785132,31.346621529411763,34,131480.97,462.16602470807555,,1712640600.0,80.0,Extreme Greed,-29611.474220999997,-0.026312051221233864,Greed,29183.881317000032
2024-04-10,0.0,0.0,1,0.34,,,1712727000.0,78.0,Extreme Greed,-30067.897694,-0.02662442405154354,Greed,29183.881317000032
2024-04-11,2799.410474,77.76140205555555,36,451811.97,118.94285081013497,,1712813400.0,76.0,Extreme Greed,-27499.387819999996,-0.025683029930405984,Greed,31983.291791000032
2024-04-12,292891.815021,918.1561599404388,319,769287.65,4090.2838520231076,,1712899800.0,79.0,Extreme Greed,264508.666389,0.0788254976883041,Greed,324875.10681200004
2024-05-01,164.141565,2.486993409090909,66,1703942.66,60.7235758141571,,1714541400.0,54.0,Neutral,264479.901007,0.08141495018540955,Neutral,325039.24837700004
2024-05-02,-33.45419400000003,-0.4646415833333337,72,770198.26,46.10792460482958,,1714627800.0,43.0,Fear,262025.19369700004,0.08316385327164814,Neutral,325005.79418300005
2024-05-03,19791.026041,109.95014467222222,180,841810.32,195.65804028577477,,1714714200.0,48.0,Neutral,281033.851547,0.067489223511447,Neutral,344796.820224
2024-05-04,10706.484306,107.06484306,100,503791.8,304.1028007265851,,1714800600.0,67.0,Greed,291740.335853,0.06680695999122563,Greed,355503.30453
2024-05-05,0.916,0.15266666666666667,6,24068.350000000002,0.37395543406489856,,1714887000.0,69.0,Greed,291741.251853,0.06726084620784228,Greed,355504.22053000005
2024-05-06,56.055506,1.038064925925926,54,25350.77,2.9096994557928553,,1714973400.0,71.0,Greed,291797.307359,0.06719803071612022,Greed,355560.27603600005
2024-05-07,0.0,0.0,32,272289.89,0.0,,1715059800.0,68.0,Greed,273307.70304600004,0.06785703200373772,Greed,355560.27603600005
2024-05-08,-13013.665169,-162.6708146125,80,420495.4,795.0273715447163,,1715146200.0,64.0,Greed,259428.02237,0.07254663170014668,Greed,342546.61086700007
2024-05-09,0.0,0.0,1,0.84,,,1715232600.0,55.0,Greed,259204.713183,0.07480495203647636,Neutral,342546.61086700007
2024-05-10,5767.161892,155.86924032432432,37,605605.74,217.0879728346648,,1715319000.0,66.0,Greed,256610.78883000003,0.07473888180380936,Greed,348313.7727590001
2024-05-11,678.4759280000001,67.8475928,10,200627.23,93.32108146532121,,1715405400.0,53.0,Neutral,257162.476358,0.07651546910874112,Neutral,348992.2486870001
2024-05-12,71574.11848800001,156.96078615789474,456,1256750.79,1402.284112762816,,1715491800.0,56.0,Greed,323430.57780100004,0.04125276875025017,Neutral,420566.3671750001
2024-06-01,135.58166400000002,6.16280290909091,22,298521.4,37.338371573804935,,1717219800.0,72.0,Greed,323003.351257,0.034751407885742526,Greed,420701.9488390001
2024-06-02,-215.615907,-0.19817638511029412,1088,8047153.41,12.69131338108202,,1717306200.0,73.0,Greed,321669.34806600004,0.029029561055650917,Greed,420486.33293200005
2024-06-03,6814.825139,83.10762364634145,82,327218.02,146.9693030530839,,1717392600.0,73.0,Greed,328019.983505,0.027244335455012172,Greed,427301.15807100007
2024-06-04,236.33513399999998,14.770945874999999,16,68223.67,42.149058574016486,,1717479000.0,73.0,Greed,328155.942857,0.026634859317144956,Greed,427537.49320500006
2024-06-05,968.59038,107.62115333333333,9,206016.43,237.64601629026436,,1717565400.0,75.0,Extreme Greed,329124.533237,0.025613954415572494,Greed,428506.0835850001
2024-06-06,274.173187,1.1716802863247862,234,137557.76,3.3659483181601715,,1717651800.0,78.0,Extreme Greed,305822.167139,0.022927250675226975,Greed,428780.25677200005
2024-06-07,108.87217799999999,4.53634075,24,2490.17,10.03473956812726,,1717738200.0,77.0,Extreme Greed,305998.64295700006,0.02137968855164791,Greed,428889.12895000004
2024-06-08,267.318048,2.4982995140186914,107,61478.38,8.28376598603028,,1717824600.0,72.0,Greed,306218.33711,0.02079466127547546,Greed,429156.446998
2024-06-09,-1104.856765,-26.306113452380952,42,39047.1,21.910908628012873,,1717911000.0,75.0,Extreme Greed,277313.704603,0.019500613007008435,Greed,428051.59023300005
2024-06-10,130.487079,5.9312308636363635,22,300130.56,17.741123762831634,,1717997400.0,72.0,Greed,277444.19168200006,0.019211204928290416,Greed,428182.07731200004
2024-06-11,2817.83723,187.85581533333334,15,123906.9,309.14971367702964,,1718083800.0,74.0,Greed,280262.02891200007,0.020113913483124832,Greed,430999.91454200004
2024-06-12,-92624.643895,-229.83782604218362,403,3471019.22,6326.353243835444,,1718170200.0,72.0,Greed,187585.17357900002,0.017447018308029572,Greed,338375.27064700006
2024-07-01,-835.681235,-8.615270463917525,97,1048850.06,34.037905927281535,,1719811800.0,53.0,Neutral,186749.49234400003,0.022276806809081198,Neutral,337539.58941200003
2024-07-02,241.24212,16.082808,15,6758.73,56.54657345272468,,1719898200.0,51.0,Neutral,309662.73534700007,0.02515049064144068,Neutral,337780.83153200004
2024-07-04,0.0,0.0,23,49988.14,0.0,,1720071000.0,44.0,Fear,308596.9502150001,0.027310716713718507,Neutral,337780.83153200004
2024-07-05,883.537693,49.08542738888889,18,108717.58,57.79243416391551,,1720157400.0,29.0,Fear,309480.48790800007,0.02846178638188603,Fear,338664.36922500003
2024-07-06,8902.467416,20.23288049090909,440,1098588.76,103.25220050843622,,1720243800.0,26.0,Fear,315583.54485,0.019040554286038413,Fear,347566.836641
2024-07-07,61.428942,6.1428942,10,498.75,4.100173833321266,,1720330200.0,29.0,Fear,22753.158771000042,0.02197165949325533,Fear,347628.26558300003
2024-07-08,188.789255,5.720886515151515,33,2492.77,10.349410204930836,,1720416600.0,28.0,Fear,22777.80646100004,0.02482927582175753,Fear,347817.05483800004
2024-07-10,0.0,0.0,21,219984.65,0.0,,1720589400.0,28.0,Fear,22811.260655000042,0.02776007049044423,Fear,347817.05483800004
2024-07-11,4493.353136,39.764187044247784,113,111335.3,107.40420684370638,,1720675800.0,29.0,Fear,7513.587750000041,0.026592377660832403,Fear,352310.40797400003
2024-07-12,85906.279067,282.5864442993421,304,451733.42,2478.915786497859,,1720762200.0,25.0,Fear,82713.38251100003,-0.046677246470528476,Fear,438216.687041
2024-08-01,-269.874439,-2.1083940546875,128,1522452.43,122.41963598502315,,1722490200.0,52.0,Neutral,82442.59207200003,-0.04347944064215401,Neutral,437946.812602
2024-08-02,770.756024,77.07560240000001,10,26051.12,139.74567826297627,,1722576600.0,57.0,Greed,83157.29259000003,-0.04169544820073001,Neutral,438717.568626
2024-08-03,4271.886236,63.7594960597015,67,183583.18,148.75855367571137,,1722663000.0,37.0,Fear,87429.17882600003,-0.04094547250770308,Fear,442989.454862
2024-08-04,1218.4267,40.614223333333335,30,211940.64,222.45326275219327,,1722749400.0,34.0,Fear,101661.27069500003,-0.035540317848405785,Fear,444207.881562
2024-08-05,1.56576,0.12044307692307693,13,65973.57,1.641780493282545,,1722835800.0,26.0,Fear,101662.83645500003,-0.028092303038017553,Fear,444209.44732200005
2024-08-06,129.13883900000002,4.453063413793104,29,97351.88,13.610694021064663,,1722922200.0,17.0,Extreme Fear,96024.81340200003,-0.022811882458900153,Fear,444338.5861610001
2024-08-07,0.0,0.0,1,497.64,,,1723008600.0,29.0,Fear,95346.33747400003,-0.016629950175992912,Fear,444338.5861610001
2024-08-08,-40.712216999999995,-4.5235796666666666,9,16299.35,9.68187399440364,,1723095000.0,20.0,Extreme Fear,23731.50676900002,-0.011599812268969301,Fear,444297.87394400005
2024-08-09,0.0,0.0,1,0.11,,,1723181400.0,48.0,Neutral,23595.92510500002,-0.008869739419288699,Neutral,444297.87394400005
2024-08-10,5396.546638,149.90407327777777,36,434584.13,223.40754741053024,,1723267800.0,40.0,Fear,29208.08765000002,-0.006766332146814856,Fear,449694.42058200005
2024-08-11,-64.41354100000007,-1.6516292564102582,39,270700.44,72.4018294193872,,1723354200.0,39.0,Fear,22328.84897000002,-0.0023575843739661374,Fear,449630.00704100006
2024-08-12,15965.933436,38.014127228571425,420,932939.72,232.61343396421137,,1723440600.0,25.0,Fear,38058.44727200002,-0.006118394967811691,Fear,465595.9404770001
2024-09-01,-826.349863,-11.804998042857143,70,870051.97,214.1803231936485,,1725168600.0,26.0,Fear,36263.507029000015,0.0006527899697872937,Fear,464769.5906140001
2024-09-03,9949.501624,85.03847541880343,117,658178.75,154.56552113291943,,1725341400.0,26.0,Fear,45938.83546600002,-0.009531051669926894,Fear,474719.0922380001
2024-09-04,0.0,0.0,3,57063.840000000004,0.0,,1725427800.0,27.0,Fear,45829.96328800002,-0.003920341717500413,Fear,474719.0922380001
2024-09-05,1147.595856,40.985566285714285,28,221966.12,92.95513364107583,,1725514200.0,29.0,Fear,46710.24109600002,0.0008628143345506997,Fear,475866.6880940001
2024-09-06,0.0,0.0,17,22410.22,0.0,,1725600600.0,22.0,Extreme Fear,47815.09786100002,-0.002895143580671508,Fear,475866.6880940001
2024-09-07,648.984412,43.265627466666665,15,2736.45,40.13596510326193,,1725687000.0,23.0,Extreme Fear,48333.595194000016,0.0013171128805219247,Fear,476515.6725060001
2024-09-08,18082.071276,125.56993941666666,144,503204.86,454.8533022933731,,1725773400.0,29.0,Fear,63597.82924000002,-0.0010877027274625573,Fear,494597.7437820001
2024-09-09,0.0,0.0,2,4014.4300000000003,0.0,,1725859800.0,26.0,Fear,156222.47313500004,0.0038837425308318975,Fear,494597.7437820001
2024-09-10,396.06272,28.290194285714286,14,220399.93,61.54299038481661,,1725946200.0,33.0,Fear,157454.21709000002,0.008425158361816164,Fear,494993.8065020001
2024-09-11,102.90894,1.196615581395349,86,193384.41,2.90992297730476,,1726032600.0,37.0,Fear,157315.88391000003,0.07750253431706765,Fear,495096.7154420001
2024-09-12,6310.967676,11.708659881261596,539,983949.68,100.89854795146519,,1726119000.0,31.0,Fear,163626.85158600003,0.08324435443808187,Fear,501407.68311800004
2024-10-01,-1517.091342,-7.860576901554404,193,2057479.48,119.7894328095249,,1727760600.0,50.0,Neutral,161226.22255100004,0.0891639942936435,Neutral,499890.59177600004
2024-10-03,2482.9272,59.117314285714286,42,219973.85,207.7542700001469,,1727933400.0,37.0,Fear,154806.68233500002,0.09459070607057822,Fear,502373.518976
2024-10-04,5207.443414,127.01081497560976,41,351735.97,197.76893722954745,,1728019800.0,41.0,Fear,159952.69680700003,-0.207344299569583,Neutral,507580.96239
2024-10-05,2101.741695,95.53371340909092,22,156882.0,240.61922882162773,,1728106200.0,49.0,Neutral,161865.64924700002,-0.2067449001826355,Neutral,509682.704085
2024-10-06,31.266804999999998,0.589939716981132,53,46587.93,1.9665257227845954,,1728192600.0,50.0,Neutral,161896.91605200002,-0.20774076588640028,Neutral,509713.97089
2024-10-07,11977.734907,213.88812333928573,56,687900.21,337.8156690082534,,1728279000.0,50.0,Neutral,169381.29782300003,-0.20826676815789397,Neutral,521691.705797
2024-10-08,0.0,0.0,88,11339.29,0.0,,1728365400.0,49.0,Neutral,83475.01875600002,-0.21820285989994898,Neutral,521691.705797
2024-10-09,-219.729659,-73.24321966666666,3,2547.28,96.08066367806516,,1728451800.0,49.0,Neutral,83525.16353600004,-0.218275087775556,Neutral,521471.97613799997
2024-10-10,0.0,0.0,16,300024.33999999997,0.0,,1728538200.0,39.0,Fear,82754.40751200003,-0.21726279173994936,Fear,521471.97613799997
2024-10-11,991.114334,5.728984589595376,173,413636.7,22.471438317729593,,1728624600.0,32.0,Fear,79473.63561000003,-0.21497168953478657,Fear,522463.09047199995
2024-10-12,39325.770231,24.640206911654136,1596,3150424.08,141.48990698368283,,1728711000.0,49.0,Neutral,117580.97914100002,-0.19029452588644552,Neutral,561788.860703
2024-11-01,-164.08950099999998,-7.813785761904761,21,305314.1,101.92627878710132,,1730439000.0,75.0,Extreme Greed,117415.32388000003,-0.19010932460391464,Greed,561624.771202
2024-11-02,983.443176,28.924799294117648,34,212311.82,108.62231864377547,,1730525400.0,72.0,Greed,118269.62821700002,-0.19407888571223175,Greed,562608.214378
2024-11-03,3588.179495,85.43284511904761,42,176519.44999999998,196.10462239183906,,1730611800.0,74.0,Greed,121857.80771200002,-0.18964447574327725,Greed,566196.393873
2024-11-04,389.743164,24.35894775,16,76400.96,69.72639235953248,,1730698200.0,70.0,Greed,122288.26309300003,-0.24881670118986834,Greed,566586.137037
2024-11-05,251.604742,27.956082444444444,9,63248.95,38.73340875071258,,1730784600.0,70.0,Greed,122539.86783500003,-0.24902402099368945,Greed,566837.741779
2024-11-06,4320.631811,35.12708789430894,123,373279.92,169.7310786091785,,1730871000.0,70.0,Greed,121463.95300800003,-0.2439980033685673,Greed,571158.3735900001
2024-11-07,1876.812082,98.77958326315789,19,169887.02,150.16378122148163,,1730957400.0,77.0,Extreme Greed,123405.17863100002,-0.24966556307641274,Greed,573035.185672
2024-11-08,847.7766200000001,35.32402583333334,24,44230.21,91.2518343902943,,1731043800.0,75.0,Extreme Greed,108287.02181500003,-0.24836858654377644,Greed,573882.9622920001
2024-11-09,0.0,0.0,1,0.54,,,1731130200.0,75.0,Extreme Greed,109113.37167800002,-0.24975368162267989,Greed,573882.9622920001
2024-11-10,8885.327477,341.74336450000004,26,488904.19,367.9830904604618,,1731216600.0,78.0,Extreme Greed,108049.19753100003,-0.2356913552299524,Greed,582768.289769
2024-11-11,6749.630996,18.09552545844504,373,1570572.42,60.90235280005483,,1731303000.0,76.0,Extreme Greed,114798.82852700002,-0.22581887612708978,Greed,589517.920765
2024-11-12,319051.554217,261.30348420720725,1221,2194098.33,2003.1396625321522,,1731389400.0,80.0,Extreme Greed,432702.78688800003,0.12350225982467118,Greed,908569.4749820001
2024-12-01,-1925.519024,-275.0741462857143,7,200082.27,669.9280140108323,,1733031000.0,81.0,Extreme Greed,430777.26786400005,0.12083569403059125,Greed,906643.955958
2024-12-02,913.8817869999998,57.11761168749999,16,227247.69999999998,828.6571214700353,,1733117400.0,80.0,Extreme Greed,431042.16523900005,0.11889869877748273,Greed,907557.837745
2024-12-03,3039.166,379.89575,8,103040.85,521.6006618377291,,1733203800.0,76.0,Extreme Greed,415999.259963,0.11853499538907901,Greed,910597.003745
2024-12-04,-592.6458390000001,-4.594153790697676,129,442088.59,122.96278242038903,,1733290200.0,78.0,Extreme Greed,415406.614124,0.1691972948233122,Greed,910004.357906
2024-12-05,0.0,0.0,23,55179.56,0.0,,1733376600.0,84.0,Extreme Greed,415010.551404,0.1589511071891223,Greed,910004.357906
2024-12-06,-21886.531493,-86.16744682283463,254,193407.96,276.1864377273308,,1733463000.0,72.0,Greed,393021.11097100005,0.14222453653723807,Greed,888117.826413
2024-12-07,1412.314654,74.33235021052631,19,89582.97,112.44287174423458,,1733549400.0,75.0,Extreme Greed,388122.457949,0.13560350609063768,Greed,889530.141067
2024-12-08,858.6705000000001,17.88896875,48,54167.32,64.64753431191872,,1733635800.0,79.0,Extreme Greed,390498.219791,0.12638981530269608,Greed,890388.811567
2024-12-10,541.55471,54.155471,10,159713.4,63.374247509280295,,1733808600.0,78.0,Extreme Greed,388556.84730100003,0.12091468632640905,Greed,890930.366277
2024-12-11,3494.399394,20.435084175438597,171,1226354.52,80.90406191682668,,1733895000.0,74.0,Greed,386843.803281,0.11466071105723599,Greed,894424.765671
2024-12-12,599151.795008,310.1199767122153,1932,4557189.87,1920.807926510415,,1733981400.0,83.0,Extreme Greed,983893.856594,0.22153386465548508,Greed,1493576.5606789999
2025-01-01,-9528.065345,-99.25068067708334,96,282582.1,989.3224125030252,,1735709400.0,66.0,Greed,974334.524444,0.21502177375456927,Greed,1484048.4953339999
2025-01-02,32300.205017,50.946695610410096,634,1363746.44,446.4149984530011,,1735795800.0,70.0,Greed,994656.994554,0.214922324175557,Greed,1516348.7003509998
2025-01-03,10596.108968,60.897177977011495,174,263824.13,134.45844944800064,,1735882200.0,74.0,Greed,1005253.103522,0.232595457510021,Greed,1526944.8093189998
2025-01-04,-2202.6622420000003,-11.472199177083334,192,704445.1900000001,297.0927135926486,,1735968600.0,73.0,Greed,1003270.170939,0.22712492472705018,Greed,1524742.1470769998
2025-01-05,54536.829297000004,44.338885607317074,1230,10720240.52,972.822640253054,,1736055000.0,72.0,Greed,1057807.000236,0.23199742673433502,Greed,1579278.9763739998
2025-02-01,8716.519087,24.145482235457067,361,774674.84,117.65384746788118,,1738387800.0,68.0,Greed,1065532.404989,0.22886924901138736,Greed,1587995.495461
2025-02-02,162854.759623,123.46835452843062,1319,5661092.29,1386.063749537317,,1738474200.0,60.0,Greed,1189061.394381,0.22895496606871754,Neutral,1750850.2550839998
2025-02-03,66914.320708,125.77879832330827,532,6460848.74,523.6453822891723,,1738560600.0,44.0,Fear,1256139.80459,0.22153191607669304,Neutral,1817764.575792
2025-02-04,202212.740938,187.930056633829,1076,3867930.6,783.0878201791388,,1738647000.0,72.0,Greed,1457369.102352,0.23723474918393958,Greed,2019977.3167299998
2025-03-01,6028.486793,11.867099986220472,508,771208.99,63.36348991609002,,1740807000.0,20.0,Extreme Fear,1459809.40965,0.23490260899812146,Fear,2026005.8035229999
2025-03-02,348871.326269,146.58459086932774,2380,22592901.37,1292.2669438694834,,1740893400.0,26.0,Fear,1808290.992755,0.13053954702415788,Fear,2374877.1297919997
2025-03-03,616413.032233,415.9332201302294,1482,8244590.38,1682.4075657180047,,1740979800.0,33.0,Fear,2424452.4202460004,0.01753233024396556,Fear,2991290.162025
2025-03-04,-2365.961276,-1.353524757437071,1748,8670233.15,81.23364439225159,,1741066200.0,15.0,Extreme Fear,2417765.827159,0.024794420329607065,Fear,2988924.200749
2025-04-01,2553.537968,6.882851665768194,371,1826029.6199999999,75.44665860042967,,1743485400.0,34.0,Fear,2418442.553045,0.02568635021377567,Fear,2991477.738717
2025-04-02,416876.88812,165.9541752070064,2512,15678409.27,2184.1682347008123,,1743571800.0,44.0,Fear,2834471.664545,-0.005628932760788001,Neutral,3408354.6268370003
2025-04-03,182075.566585,75.80165136761032,2402,11124247.15,940.9538347121356,,1743658200.0,25.0,Fear,3016547.23113,-0.0377936649299979,Fear,3590430.1934220004
2025-04-04,-25515.678949999998,-20.05949602987421,1272,3835545.73,581.2639206142574,,1743744600.0,28.0,Fear,2982146.2247030004,-0.03260371012058827,Fear,3564914.5144720003
2025-05-01,3187.719363,13.337737920502093,239,451943.57,59.881873800685874,,1746077400.0,53.0,Neutral,2978584.31307,-0.041111351391445256,Neutral,3568102.233835
2025-05-02,56706.235562,43.721075992289904,1297,8743231.51,444.31734690264386,,1746163800.0,67.0,Greed,2716238.994415,-0.04967961240146363,Greed,3624808.469397
2025-05-03,269328.365917,162.24600356445782,1660,9193654.22,1724.8671279418056,,,67.0,,2987492.879356,-0.04828991267790508,Greed,3894136.835314
2025-05-04,35907.33771,99.74260475,360,1267564.22,333.05923440903956,,,67.0,,3022486.335279,-0.06284854207881302,Greed,3930044.173024
2025-06-01,6064.185393,10.583220581151831,573,556526.99,104.19079085435088,,,67.0,,3025511.354672,-0.07396305665972198,Greed,3936108.358417
2025-06-02,33803.799733,19.84955944392249,1703,2818508.87,609.1348918969087,,,67.0,,3059907.800244,-0.08927731642989473,Greed,3969912.15815
2025-06-03,16101.125561,21.18569152763158,760,6765324.96,163.11101162302057,,,67.0,,3076008.925805,-0.10280503429682243,Greed,3986013.283711
2025-06-04,47053.449272,44.89832945801527,1048,3551252.06,464.3283247115555,,,67.0,,3144948.90657,-0.11369068375877484,Greed,4033066.7329829996
2025-07-01,16098.227531,25.271942748822607,637,1313178.1,79.2581805510636,,,67.0,,3159634.819447,-0.1286257052554599,Greed,4049164.9605139997
2025-07-02,22450.002091,14.730972500656167,1524,3460263.54,94.68612173896997,,,67.0,,3181226.151038,-0.13513822076896956,Greed,4071614.9626049995
2025-07-03,150236.061627,58.86993010462382,2552,19854275.48,278.36230520474373,,,67.0,,3330920.657955,-0.14337860784288725,Greed,4221851.024231999
2025-07-04,34527.370305,12.269854408315563,2814,14460253.14,651.4553059500641,,,67.0,,3361953.6288659996,-0.15447292433292087,Greed,4256378.394536999
2025-08-01,130117.090554,125.23300342059672,1039,3177275.18,2408.3681940977062,,,67.0,,2892918.9244120005,-0.1586842377505239,Greed,4386495.485090999
2025-08-02,586.703253,1.0203534834782608,575,839734.97,11.464135616658202,,,67.0,,2903033.69301,-0.16701071966612688,Greed,4387082.188343999
2025-08-03,24700.773359,46.69333338185255,529,892083.51,218.21981324664878,,,67.0,,2895434.261352,-0.1737709462906847,Greed,4411782.961702999
2025-08-04,34899.394798,37.00890222481442,943,8869391.4,299.82321782812363,,,67.0,,2919737.547182,-0.18235367695752405,Greed,4446682.356500999
2025-09-01,46975.928902,89.99220096168582,522,1020733.25,658.1149316624325,,,67.0,,2968916.138326,-0.19105998161589546,Greed,4493658.285402999
2025-09-02,150551.829492,197.05736844502616,764,2920919.7,2082.4614891202827,,,67.0,,3064931.138521,-0.20465478844932739,Greed,4644210.114894999
2025-09-03,19773.457395,13.905384947257385,1422,10419697.99,83.14231057374892,,,67.0,,3075988.076829,-0.22902473121529196,Greed,4663983.57229
2025-09-04,43120.444797,10.86978694151752,3967,28556806.47,768.8032668175019,,,67.0,,2956253.762003,-0.23485644985306428,Greed,4707104.0170869995
2025-10-01,-10116.875552,-12.352717401709402,819,6547449.68,816.5240640739952,,,67.0,,2879222.565743,-0.23137371356735986,Greed,4696987.141535
2025-10-02,63908.49465,71.88807047244094,889,3624958.44,921.8916254848083,,,67.0,,2740918.319455,-0.2285642335573784,Greed,4760895.636185
2025-10-03,-10010.027269999999,-3.438690233596702,2911,16811790.68,598.2310344559482,,,67.0,,2724879.8053920004,-0.2256403899145352,Greed,4750885.608914999
2025-10-04,158261.822261,74.40612236060178,2127,28741953.29,528.5261250033769,,,67.0,,2534270.301384,-0.22111723810497022,Greed,4909147.431175999
2025-11-01,2269.080536,8.017952424028268,283,1658098.71,43.43091035574405,,,67.0,,1920126.349687,-0.21962059442984933,Greed,4911416.511712
2025-11-02,-6093.784817,-7.186067001179245,848,2797544.17,127.34220698976809,,,67.0,,1916398.5261459998,-0.21827103631529762,Greed,4905322.726895
2025-11-03,-76880.729036,-23.3964482763238,3286,14016952.09,284.15739785646804,,,67.0,,1836964.259142,-0.2138834542071477,Greed,4828441.997859
2025-11-04,126406.479081,115.33437872354014,1096,11319327.07,1053.703425023061,,,67.0,,1546493.850103,-0.20789605055221147,Greed,4954848.47694
2025-12-01,5742.241803,9.538607646179402,602,2258459.17,150.46366054945935,,,67.0,,1370160.525321,-0.20410418062419777,Greed,4960590.718743
2025-12-02,19848.635032,19.251828353055284,1031,4143974.54,351.50279374147897,,,67.0,,1415524.839303,-0.1997706163631443,Greed,4980439.353775
2025-12-03,288105.984215,72.60735489289314,3968,18618139.15,541.1021890156194,,,67.0,,1700443.104155,-0.1857009545087419,Greed,5268545.33799
2025-12-04,410419.694533,194.60393292223802,2109,55914617.49,3804.4483148577447,,,67.0,,2054156.5631259999,-0.2045782104612748,Greed,5678965.032523
